metric,mean,std,min,max
recall@20,0.9744,0.1579,0.0000,1.0000
coverage,0.4157,0.4747,0.0000,1.0000
factual_precision,0.9078,0.2893,0.0000,1.0000
factual_recall,0.4454,0.4970,0.0000,1.0000
hallucination_rate,0.0922,0.2893,0.0000,1.0000
verified_f1,0.3225,0.4375,0.0000,1.0000
f1_score,0.3580,0.4480,0.0000,1.0000
exact_match,0.2654,0.4415,0.0000,1.0000
bleu4,0.1356,0.2398,0.0000,1.0000
rouge_l,0.3689,0.4501,0.0000,1.0000
abstention_rate,0.0002,0.0141,0.0000,1.0000
fever_score,0.3872,0.4744,0.0000,1.0000

metadata,value,,,
corpus_size,507,,,
top_k_retrieve,20,,,
top_k_rerank,5,,,
corpus_to_k_ratio,25.35,,,
