{
  "iteration_results": {
    "0": {
      "metrics": {
        "hallucination_rate": 0.0958,
        "factual_precision": 0.904,
        "f1_score": 0.021750940555708805,
        "exact_match": 0.0064,
        "verified_f1": 0.018800004677617527,
        "abstention_rate": 0.0
      },
      "checkpoint": null,
      "verified_data_count": 0
    },
    "1": {
      "metrics": {
        "hallucination_rate": 0.0982,
        "factual_precision": 0.9014,
        "f1_score": 0.02256927406892756,
        "exact_match": 0.007,
        "verified_f1": 0.019378792348373593,
        "abstention_rate": 0.0
      },
      "checkpoint": "checkpoints/exp6/iter1",
      "verified_data_count": 8603
    },
    "2": {
      "metrics": {
        "hallucination_rate": 0.0958,
        "factual_precision": 0.9042,
        "f1_score": 0.022742038248617993,
        "exact_match": 0.0066,
        "verified_f1": 0.01938030840329991,
        "abstention_rate": 0.0
      },
      "checkpoint": "checkpoints/exp6/iter2",
      "verified_data_count": 8599
    },
    "3": {
      "metrics": {
        "hallucination_rate": 0.0966,
        "factual_precision": 0.9032,
        "f1_score": 0.022353986893036887,
        "exact_match": 0.0062,
        "verified_f1": 0.01909208761712846,
        "abstention_rate": 0.0
      },
      "checkpoint": "checkpoints/exp6/iter3",
      "verified_data_count": 8593
    }
  },
  "total_iterations": 3,
  "metadata": {
    "dataset": "squad_v2",
    "iterations": 3,
    "train_limit": 10000,
    "val_limit": 5000,
    "seed": 42,
    "commit_hash": "1c50e75e",
    "timestamp": "2025-11-13T04:09:25.286177"
  }
}