metric,mean,std,min,max
recall@20,0.9050,0.2932,0.0000,1.0000
coverage,0.3691,0.4642,0.0000,1.0000
factual_precision,0.9990,0.0316,0.0000,1.0000
factual_recall,0.4860,0.4998,0.0000,1.0000
hallucination_rate,0.0000,0.0000,0.0000,0.0000
verified_f1,0.3755,0.4596,0.0000,1.0000
f1_score,0.3755,0.4596,0.0000,1.0000
exact_match,0.2990,0.4578,0.0000,1.0000
bleu4,0.1256,0.2122,0.0000,1.0000
rouge_l,0.3877,0.4612,0.0000,1.0000
abstention_rate,0.0010,0.0316,0.0000,1.0000
fever_score,0.3803,0.4705,0.0000,1.0000

metadata,value,,,
corpus_size,132,,,
top_k_retrieve,5,,,
top_k_rerank,2,,,
corpus_to_k_ratio,26.40,,,
strategy_selection_mode,fixed,,,
fixed_strategy,constrained_generation,,,
