metric,mean,std,min,max
recall@20,0.9050,0.2932,0.0000,1.0000
coverage,0.3691,0.4642,0.0000,1.0000
factual_precision,0.9787,0.1437,0.0000,1.0000
factual_recall,0.4860,0.4998,0.0000,1.0000
hallucination_rate,0.0213,0.1437,0.0000,1.0000
verified_f1,0.3667,0.4559,0.0000,1.0000
f1_score,0.3691,0.4558,0.0000,1.0000
exact_match,0.2950,0.4560,0.0000,1.0000
bleu4,0.1216,0.2100,0.0000,1.0000
rouge_l,0.3804,0.4572,0.0000,1.0000
abstention_rate,0.0000,0.0000,0.0000,0.0000
fever_score,0.3729,0.4690,0.0000,1.0000

metadata,value,,,
corpus_size,132,,,
top_k_retrieve,5,,,
top_k_rerank,2,,,
corpus_to_k_ratio,26.40,,,
